{"cameraMode":{"drawMode":0,"name":"Shaded","section":"Shading Mode"},"sceneLighting":true,"audioPlay":false,"sceneViewState":{"m_AlwaysRefresh":false,"showFog":true,"showSkybox":true,"showFlares":true,"showImageEffects":true,"showParticleSystems":true,"showVisualEffectGraphs":true,"m_FxEnabled":true},"in2DMode":false,"pivot":{"x":11.580268859863282,"y":9.243956565856934,"z":14.155202865600586},"rotation":{"x":0.17016661167144776,"y":-0.01691557466983795,"z":0.0025150084402412178,"w":0.9853558540344238},"size":1.149108648300171,"orthographic":false}