{"cameraMode":{"drawMode":0,"name":"Shaded","section":"Shading Mode"},"sceneLighting":false,"audioPlay":false,"sceneViewState":{"m_AlwaysRefresh":false,"showFog":true,"showSkybox":false,"showFlares":true,"showImageEffects":true,"showParticleSystems":true,"showVisualEffectGraphs":true,"m_FxEnabled":true},"in2DMode":false,"pivot":{"x":-0.34663206338882449,"y":-0.13489902019500733,"z":-0.10827542841434479},"rotation":{"x":0.1255131959915161,"y":0.04908750206232071,"z":-0.006218969821929932,"w":0.990856945514679},"size":7.7872748374938969,"orthographic":false}